asset,weight
INSTRUMENT_1,0.0
INSTRUMENT_2,0.0
INSTRUMENT_3,0.01060911900638232
INSTRUMENT_4,0.0
INSTRUMENT_5,0.10978281425476957
INSTRUMENT_6,0.13631301544430663
INSTRUMENT_7,0.4917464617685746
INSTRUMENT_8,0.0
INSTRUMENT_9,0.25154858952596676
INSTRUMENT_10,0.0
