asset,weight
INSTRUMENT_1,0.008538704533254855
INSTRUMENT_2,0.0
INSTRUMENT_3,0.025342812862911915
INSTRUMENT_4,0.0
INSTRUMENT_5,0.10027693507836327
INSTRUMENT_6,0.10787718192752484
INSTRUMENT_7,0.3908146496772797
INSTRUMENT_8,0.0
INSTRUMENT_9,0.3671497159206655
INSTRUMENT_10,0.0
