asset,weight
INSTRUMENT_1,0.023054321075601354
INSTRUMENT_2,0.0
INSTRUMENT_3,0.036260842332744535
INSTRUMENT_4,0.0
INSTRUMENT_5,0.07992570662122556
INSTRUMENT_6,0.08052546432468544
INSTRUMENT_7,0.29539978039483267
INSTRUMENT_8,0.0
INSTRUMENT_9,0.4848338852509104
INSTRUMENT_10,0.0
