asset,weight
INSTRUMENT_1,0.09854606399119388
INSTRUMENT_2,0.09935015095448665
INSTRUMENT_3,0.09971744570926572
INSTRUMENT_4,0.09951333275780065
INSTRUMENT_5,0.09961262149650671
INSTRUMENT_6,0.09930410810065618
INSTRUMENT_7,0.09953880658543836
INSTRUMENT_8,0.1000961937009796
INSTRUMENT_9,0.10160226065185926
INSTRUMENT_10,0.10271901605181294
