asset,weight
INSTRUMENT_1,0.0991677779295948
INSTRUMENT_2,0.0987767898667278
INSTRUMENT_3,0.09958161332941133
INSTRUMENT_4,0.09918066421271472
INSTRUMENT_5,0.099721948918599
INSTRUMENT_6,0.09990059730737107
INSTRUMENT_7,0.0999580763863205
INSTRUMENT_8,0.1000686212600559
INSTRUMENT_9,0.10009173401142499
INSTRUMENT_10,0.10355217677777977
