asset,weight
INSTRUMENT_1,0.2238560506751438
INSTRUMENT_2,0.12564468443500634
INSTRUMENT_3,0.0
INSTRUMENT_4,0.0
INSTRUMENT_5,0.06574656711198074
INSTRUMENT_6,0.08197117420618351
INSTRUMENT_7,0.34617032699954964
INSTRUMENT_8,0.019181629411706903
INSTRUMENT_9,0.13742956716042917
INSTRUMENT_10,0.0
