asset,weight
INSTRUMENT_1,0.23995016145185105
INSTRUMENT_2,0.09034783655629712
INSTRUMENT_3,0.0
INSTRUMENT_4,0.0
INSTRUMENT_5,0.07358852420939711
INSTRUMENT_6,0.10907738931329027
INSTRUMENT_7,0.41336892070513015
INSTRUMENT_8,0.0
INSTRUMENT_9,0.07366716776403438
INSTRUMENT_10,0.0
