asset,weight
INSTRUMENT_1,0.09989582922818532
INSTRUMENT_2,0.09980513490184892
INSTRUMENT_3,0.09982258034108238
INSTRUMENT_4,0.0998431264803151
INSTRUMENT_5,0.09991687758324785
INSTRUMENT_6,0.09994231377371937
INSTRUMENT_7,0.09967987171321226
INSTRUMENT_8,0.09996947277003501
INSTRUMENT_9,0.09999274180210187
INSTRUMENT_10,0.1011320514062519
