asset,weight
INSTRUMENT_1,0.18497058143757808
INSTRUMENT_2,0.1383994232940085
INSTRUMENT_3,0.0
INSTRUMENT_4,0.0
INSTRUMENT_5,0.04028736817328937
INSTRUMENT_6,0.04692599197169223
INSTRUMENT_7,0.2366223892296323
INSTRUMENT_8,0.04910097983625843
INSTRUMENT_9,0.3036932660575411
INSTRUMENT_10,0.0
