asset,weight
INSTRUMENT_1,0.19960397743475303
INSTRUMENT_2,0.1385982673537349
INSTRUMENT_3,0.0
INSTRUMENT_4,0.0
INSTRUMENT_5,0.04914453478778715
INSTRUMENT_6,0.05748858271081845
INSTRUMENT_7,0.2726707907184887
INSTRUMENT_8,0.041333931064121726
INSTRUMENT_9,0.2411599159302961
INSTRUMENT_10,0.0
