asset,weight
INSTRUMENT_1,0.007141687806703913
INSTRUMENT_2,0.0
INSTRUMENT_3,0.020674000155761745
INSTRUMENT_4,0.0
INSTRUMENT_5,0.10216024027144872
INSTRUMENT_6,0.1145155569079362
INSTRUMENT_7,0.40865827918678954
INSTRUMENT_8,0.0
INSTRUMENT_9,0.34685023567135986
INSTRUMENT_10,0.0
