asset,weight
INSTRUMENT_1,0.09924021640983524
INSTRUMENT_2,0.09709440518511334
INSTRUMENT_3,0.09973733182439892
INSTRUMENT_4,0.09928383858905163
INSTRUMENT_5,0.09974916365969513
INSTRUMENT_6,0.10031822032813813
INSTRUMENT_7,0.09901145997249133
INSTRUMENT_8,0.1001690758393097
INSTRUMENT_9,0.09996402329709503
INSTRUMENT_10,0.10543226489487163
