asset,weight
INSTRUMENT_1,0.0
INSTRUMENT_2,0.0
INSTRUMENT_3,0.002194020298759026
INSTRUMENT_4,0.0
INSTRUMENT_5,0.10729206361015155
INSTRUMENT_6,0.1479154340136759
INSTRUMENT_7,0.532813712519022
INSTRUMENT_8,0.0
INSTRUMENT_9,0.20978476955839173
INSTRUMENT_10,0.0
