asset,weight
INSTRUMENT_1,0.04054036599914412
INSTRUMENT_2,0.02490775584754068
INSTRUMENT_3,0.04267254745404428
INSTRUMENT_4,0.03524272942295479
INSTRUMENT_5,0.04639327079971366
INSTRUMENT_6,0.04577935162098182
INSTRUMENT_7,0.16689827338680865
INSTRUMENT_8,0.02703123643119961
INSTRUMENT_9,0.5602608297101311
INSTRUMENT_10,0.01027363932748131
