asset,weight
INSTRUMENT_1,0.09925202052585622
INSTRUMENT_2,0.09723772696723675
INSTRUMENT_3,0.10024924917692857
INSTRUMENT_4,0.09973774224212506
INSTRUMENT_5,0.09960823122529419
INSTRUMENT_6,0.0995294673231636
INSTRUMENT_7,0.10103677449206237
INSTRUMENT_8,0.1006460328148194
INSTRUMENT_9,0.10102305313746889
INSTRUMENT_10,0.10167970209504501
