asset,weight
INSTRUMENT_1,0.0
INSTRUMENT_2,0.0
INSTRUMENT_3,0.0
INSTRUMENT_4,0.0
INSTRUMENT_5,0.015866145431297288
INSTRUMENT_6,0.20937593197178814
INSTRUMENT_7,0.6911222040906004
INSTRUMENT_8,0.0
INSTRUMENT_9,0.08363571850631407
INSTRUMENT_10,0.0
