asset,weight
INSTRUMENT_1,0.17371926802174206
INSTRUMENT_2,0.08570027408882173
INSTRUMENT_3,0.08412659045521828
INSTRUMENT_4,0.029926553097804055
INSTRUMENT_5,0.06421771940220795
INSTRUMENT_6,0.0630287882978919
INSTRUMENT_7,0.2900390370430897
INSTRUMENT_8,0.04855083382827398
INSTRUMENT_9,0.11646500230216073
INSTRUMENT_10,0.04422593346278968
