asset,weight
INSTRUMENT_1,0.09968331295740096
INSTRUMENT_2,0.09941205522300146
INSTRUMENT_3,0.09946419452823473
INSTRUMENT_4,0.09952562429210882
INSTRUMENT_5,0.09974633696659994
INSTRUMENT_6,0.09982253468727281
INSTRUMENT_7,0.09903821528454876
INSTRUMENT_8,0.09990393614406913
INSTRUMENT_9,0.09997371371608763
INSTRUMENT_10,0.10343007620067571
