asset,weight
INSTRUMENT_1,0.028885510959669257
INSTRUMENT_2,0.0
INSTRUMENT_3,0.04001005154973188
INSTRUMENT_4,0.004579837278713894
INSTRUMENT_5,0.06995234853342298
INSTRUMENT_6,0.06936608997530881
INSTRUMENT_7,0.25682685442949416
INSTRUMENT_8,0.0
INSTRUMENT_9,0.530379307273659
INSTRUMENT_10,0.0
