asset,weight
INSTRUMENT_1,0.1047306950626211
INSTRUMENT_2,0.0
INSTRUMENT_3,0.0
INSTRUMENT_4,0.0
INSTRUMENT_5,0.0
INSTRUMENT_6,0.8223698206102878
INSTRUMENT_7,0.06502757440158198
INSTRUMENT_8,0.007813221978788976
INSTRUMENT_9,5.8687946720003e-05
INSTRUMENT_10,0.0
