asset,weight
INSTRUMENT_1,0.09788890468293192
INSTRUMENT_2,0.09699692596578391
INSTRUMENT_3,0.09989810983457376
INSTRUMENT_4,0.09964752264125486
INSTRUMENT_5,0.0999227773103441
INSTRUMENT_6,0.09968779036294924
INSTRUMENT_7,0.09988025387146607
INSTRUMENT_8,0.10085469232874193
INSTRUMENT_9,0.10090979911585744
INSTRUMENT_10,0.10431322388609679
